image_id,file_name,ap,jaccard_j,j_and_f,f1_conf_0p40,f1_conf_0p45,f1_conf_0p50,f1_conf_0p55,f1_conf_0p60,f1_conf_0p65,f1_conf_0p70,f1_conf_0p75,f1_conf_0p80,f1_conf_0p85,f1_conf_0p90,f1_conf_0p95,boundary_f_tol_0p1pct,boundary_f_tol_0p2pct,boundary_f_tol_0p3pct,boundary_f_tol_0p4pct,boundary_f_tol_0p5pct,jaccard_j_tol_0p1pct,jaccard_j_tol_0p2pct,jaccard_j_tol_0p3pct,jaccard_j_tol_0p4pct,jaccard_j_tol_0p5pct,j_and_f_tol_0p1pct,j_and_f_tol_0p2pct,j_and_f_tol_0p3pct,j_and_f_tol_0p4pct,j_and_f_tol_0p5pct
1,rgb_000000.png,0.56249999971875,0.7196813532597277,0.8598406765048638,0.49994250481208813,0.49994250481208813,0.49994250481208813,0.49994250481208813,0.49994250481208813,0.49994250481208813,0.49994250481208813,0.49994250481208813,0.49994250481208813,0.4856563310725754,0.29995000533289445,0.0,0.999358133137571,0.99999999975,0.99999999975,0.99999999975,0.99999999975,0.7196813532597277,0.7196813532597277,0.7196813532597277,0.7196813532597277,0.7196813532597277,0.8595197431986494,0.8598406765048638,0.8598406765048638,0.8598406765048638,0.8598406765048638
2,rgb_000001.png,0.7222222215462963,0.639885499481537,0.7577164783633733,0.3999584031377378,0.44439901562663103,0.49994333726367346,0.49994333726367346,0.49994333726367346,0.49994333726367346,0.3999500022501187,0.3999500022501187,0.3999500022501187,0.3999500022501187,0.0,0.0,0.8626427673043894,0.8718326164824538,0.8755474572452097,0.8761862540263833,0.877565753209418,0.639885499481537,0.639885499481537,0.639885499481537,0.639885499481537,0.639885499481537,0.7512641333929632,0.7558590579819954,0.7577164783633733,0.7580358767539601,0.7587256263454775
