image_id,file_name,ap,f1_conf_0p40,f1_conf_0p45,f1_conf_0p50,f1_conf_0p55,f1_conf_0p60,f1_conf_0p65,f1_conf_0p70,f1_conf_0p75,f1_conf_0p80,f1_conf_0p85,f1_conf_0p90,f1_conf_0p95,boundary_f_tol_0p1pct,boundary_f_tol_0p2pct,boundary_f_tol_0p3pct,boundary_f_tol_0p4pct,boundary_f_tol_0p5pct
1,rgb_000000.png,0.56249999971875,0.49994250481208813,0.49994250481208813,0.49994250481208813,0.49994250481208813,0.49994250481208813,0.49994250481208813,0.49994250481208813,0.49994250481208813,0.49994250481208813,0.4856563310725754,0.29995000533289445,0.0,0.999358133137571,0.9996081333938804,0.9996081333938804,0.9996081333938804,0.9996081333938804
2,rgb_000001.png,0.7222222215462963,0.3999584031377378,0.44439901562663103,0.49994333726367346,0.49994333726367346,0.49994333726367346,0.49994333726367346,0.3999500022501187,0.3999500022501187,0.3999500022501187,0.3999500022501187,0.0,0.0,0.8626427673043894,0.8670722497136697,0.8682507175183546,0.8687449417786928,0.8697299054122742
