image_id,file_name,ap,jaccard_j,j_and_f,f1_conf_0p40,f1_conf_0p45,f1_conf_0p50,f1_conf_0p55,f1_conf_0p60,f1_conf_0p65,f1_conf_0p70,f1_conf_0p75,f1_conf_0p80,f1_conf_0p85,f1_conf_0p90,f1_conf_0p95,boundary_f_tol_0p1pct,boundary_f_tol_0p2pct,boundary_f_tol_0p3pct,boundary_f_tol_0p4pct,boundary_f_tol_0p5pct,jaccard_j_tol_0p1pct,jaccard_j_tol_0p2pct,jaccard_j_tol_0p3pct,jaccard_j_tol_0p4pct,jaccard_j_tol_0p5pct,j_and_f_tol_0p1pct,j_and_f_tol_0p2pct,j_and_f_tol_0p3pct,j_and_f_tol_0p4pct,j_and_f_tol_0p5pct
1,test/rgb/0005.png,0.4857142854048979,0.4743465256394078,0.538910999995698,0.27138796529434356,0.27138796529434356,0.27138796529434356,0.3166225059574755,0.14997281647012867,0.14997281647012867,0.14997281647012867,0.17140326780737586,0.0,0.0,0.0,0.0,0.5516988219053935,0.5869969687304618,0.6034754743519882,0.6122038200749518,0.6172380205894623,0.4743465256394078,0.4743465256394078,0.4743465256394078,0.4743465256394078,0.4743465256394078,0.5130226737724006,0.5306717471849348,0.538910999995698,0.5432751728571799,0.5457922731144351
2,test/rgb/0006.png,0.9999999989999999,0.9159319863597998,0.9575361528894701,0.6799296038238922,0.8499125046248686,0.8499125046248686,0.8499125046248686,0.8499125046248686,0.8499125046248686,0.8499125046248686,0.8499125046248686,0.8499125046248686,0.8499125046248686,0.8499125046248686,0.8499125046248686,0.9448163230248788,0.981393860494986,0.9991403194191406,0.9999446652813467,0.9999999995,0.9159319863597998,0.9159319863597998,0.9159319863597998,0.9159319863597998,0.9159319863597998,0.9303741546923393,0.9486629234273929,0.9575361528894701,0.9579383258205733,0.9579659929298998
3,test/rgb/0007.png,0.9999999979999998,0.7741817766131444,0.871672377190398,0.39994666977776283,0.39994666977776283,0.39994666977776283,0.39994666977776283,0.599910007499475,0.599910007499475,0.599910007499475,0.599910007499475,0.599910007499475,0.599910007499475,0.0,0.0,0.9142365646951272,0.9670069893966151,0.9691629777676516,0.9716692869436803,0.9728427383226922,0.7741817766131444,0.7741817766131444,0.7741817766131444,0.7741817766131444,0.7741817766131444,0.8442091706541357,0.8705943830048797,0.871672377190398,0.8729255317784124,0.8735122574679183
